Card,ClusterId,PlayCount
Research Outpost,0,73300
Technology Demonstration,0,72807
Invention Contest,0,71694
Viral Enhancers,0,70921
Mars University,0,70368
Ecological Zone,0,69691
Olympus Conference,0,69596
Hired Raiders,0,69520
Media Group,0,68889
Sabotage,0,68397
Business Contacts,0,68028
Restricted Area,0,67870
Research,0,67160
Imported Hydrogen,0,66930
Earth Office,0,66534
Protected Habitats,0,65517
Optimal Aerobraking,0,65385
Asteroid,0,64738
Mineral Deposit,0,64439
Kelp Farming,0,63970
Big Asteroid,0,63186
Investment Loan,0,63118
Nuclear Zone,0,62975
Nitrogen-Rich Asteroid,0,62927
Giant Ice Asteroid,0,61671
Comet,0,61006
Convoy From Europa,0,60794
Deimos Down,0,60696
Decomposers,0,60628
Bushes,0,60364
AI Central,0,59688
Algae,0,59534
Business Network,0,59501
Development Center,0,59075
Noctis Farming,0,58595
Trans-Neptune Probe,0,58563
Indentured Workers,0,57902
Towing a Comet,0,57724
Plantation,0,57609
Ice Asteroid,0,57600
Inventors' Guild,0,56747
Insects,0,56352
Heather,0,56157
Grass,0,55929
Industrial Center,0,55873
Large Convoy,0,54410
Imported GHG,0,54101
Virus,0,53497
Nitrophilic Moss,0,53137
Moss,0,52993
Greenhouses,0,52670
Arctic Algae,0,51903
Protected Valley,0,51685
Standard Technology,0,50661
Lichen,0,50394
Trees,0,50281
Herbivores,0,49317
Small Animals,0,49244
Natural Preserve,0,49032
Lava Flows,0,47706
Fish,0,44585
Flooding,0,44109
Imported Nitrogen,0,44023
Subterranean Reservoir,0,43155
Birds,0,42884
Psychrophiles,0,42411
Advanced Ecosystems,0,40892
Mangrove,0,39951
Eos Chasma National Park,0,38850
Media Archives,0,38477
Archaebacteria,0,36109
Farming,0,34549
Mohole Area,0,33792
Energy Tapping,0,32914
Open City,0,32709
Local Heat Trapping,0,32127
Livestock,0,29963
Fueled Generators,0,29633
Land Claim,0,27810
CEO's Favourite Project,0,27195
Heat Trappers,0,26688
GHG Factories,0,25932
Permafrost extraction,0,25776
Biomass Combustors,0,24120
Lake Marineris,0,23883
GHG Producing Bacteria,0,22353
Predators,0,21199
Tardigrades,0,20493
Symbiotic Fungus,0,17966
Artificial Lake,0,17887
Special Design,0,16817
Black Polar Dust,0,16704
Worms,0,16687
Ice cap Melting,0,14858
Industrial Microbes,1,45664
Underground City,1,40163
Geothermal Power,1,35194
Giant Space Mirror,1,31524
Fusion Power,1,30857
Solar Power,1,28443
Great Dam,1,27149
Rad-Suits,1,26998
Tectonic Stress Power,1,25603
Wave Power,1,25156
Release of Inert Gases,1,24459
Nuclear Power,1,20953
Cloud Seeding,1,20533
Extreme-Cold Fungus,1,17780
Soil Factory,1,16793
Tropical Resort,1,16706
Food Factory,1,16446
Nitrite Reducing Bacteria,1,16300
Zeppelins,1,14650
Martian Rails,1,14348
Regolith Eaters,1,13636
Micro-Mills,1,12800
Space Mirrors,1,12160
Aerobraked Ammonia Asteroid,1,11725
Aquifer Pumping,1,8217
Energy Saving,1,7509
Power Grid,1,6947
Underground Detonations,1,1830
Io Mining Industries,2,47721
Phobos Space Haven,2,44371
Callisto Penal Mines,2,42743
Ganymede Colony,2,36982
Immigration Shuttles,2,32870
Water Import From Europa,2,32193
Beam From a Thorium Asteroid,2,31391
Terraforming Ganymede,2,27066
Security Fleet,2,11307
Earth Catapult,3,70708
Advanced Alloys,3,66000
Mining Rights,3,65902
Solar Wind Power,3,65781
Lagrange Observatory,3,64666
Mining Area,3,63629
Space Station,3,63117
Immigrant City,3,62689
Vesta Shipyard,3,60316
Medical Lab,3,60034
Mass Converter,3,58920
Space Elevator,3,58904
Noctis City,3,57461
Quantum Extractor,3,57013
Rover Construction,3,55726
Miranda Resort,3,55209
Mine,3,55163
Titanium Mine,3,54952
Cupola City,3,53068
Sponsors,3,52938
Asteroid Mining,3,52227
Space Hotels,3,51871
Asteroid Mining Consortium,3,50664
Electro Catapult,3,50653
SF Memorial,3,50196
Robotic Workforce,3,50190
Research Coordination,3,49582
Acquired Company,3,48453
Pets,3,48174
Building Industries,3,48125
Fuel Factory,3,47787
Cartel,3,47690
House Printing,3,47593
Import of Advanced GHG,3,46999
Commercial District,3,46890
Methane From Titan,3,45662
Domed Crater,3,44773
Lava Tube Settlement,3,43988
Power Plant,3,43846
Rad-Chem Factory,3,41784
Deep Well Heating,3,41734
Colonizer Training Camp,3,40582
Satellites,3,40433
Bribed Committee,3,39051
Artificial Photosynthesis,3,38983
Designed Microorganisms,3,38604
Search For Life,3,37754
Martian Survey,3,37196
Capital,3,36141
Adapted Lichen,3,34921
Lightning Harvest,3,34406
Corporate Stronghold,3,34240
Great Escarpment Consortium,3,33729
Urbanized Area,3,31721
Adaptation Technology,3,30296
Power Supply Consortium,3,29866
Mining Expedition,3,29666
Peroxide Power,3,29556
Tundra Farming,3,29525
Windmills,3,28044
Hackers,3,24735
Carbonate Processing,3,23842
Lunar Beam,3,23557
Toll Station,3,20348
Dust Seals,3,16975
Ants,3,15267
Soletta,3,14222
Insulation,3,8513
Anti-Gravity Technology,4,53428
Gene Repair,4,52487
Shuttles,4,50813
Interstellar Colony Ship,4,30758
Breathing Filters,4,27502
Physics Complex,4,21930
Magnetic Field Dome,4,15699
Power Infrastructure,4,13638
Magnetic Field Generators,4,12182
Equatorial Magnetizer,4,10702
Caretaker Contract,4,6663
Strip Mine,5,42250
Steelworks,5,11926
Ore Processor,5,10277
Ironworks,5,8560
Water Splitting Plant,5,6305
