Card,quadrant,n_held_early,n_played_early,rel_delta_early,se_early,z_delta_early,log_rr_early,score_early,n_held_late,n_played_late,rel_delta_late,se_late,z_delta_late,log_rr_late,score_late
AI Central,good-early/good-late,99622,12834,2.9399,0.0692,42.4643,-0.5763,2.6111,43332,20759,-0.1544,0.0563,-2.7432,0.3982,0.0729
Acquired Company,good-early/bad-late,45959,34454,0.1769,0.0423,4.1853,1.1849,0.8531,29177,6735,-0.2774,0.0895,-3.0978,-0.3320,-0.4668
Adaptation Technology,bad-early/bad-late,55029,6041,-0.5377,0.0970,-5.5427,-0.7363,-0.9579,62457,13644,-0.1899,0.0704,-2.6987,-0.3871,-0.4108
Adapted Lichen,bad-early/bad-late,49223,17598,-0.6779,0.0584,-11.6119,0.4444,-0.4243,42517,10052,-0.1808,0.0775,-2.3335,-0.3080,-0.3566
Advanced Alloys,good-early/good-late,64831,30682,1.0553,0.0453,23.3095,0.7249,1.4689,28781,18631,-0.1155,0.0591,-1.9556,0.6992,0.2835
Advanced Ecosystems,insufficient,94115,80,0.2979,0.9270,0.3214,-5.5973,-2.8963,179526,44151,0.0730,0.0406,1.7970,-0.2686,-0.0803
Aerobraked Ammonia Asteroid,bad-early/bad-late,33236,3947,-0.7540,0.1188,-6.3441,-0.6577,-1.1293,54241,4665,-0.3329,0.1143,-2.9112,-1.3192,-1.0857
Algae,bad-early/bad-late,97626,4923,0.4078,0.1132,3.6022,-1.5142,-0.4563,69532,34069,-0.2748,0.0437,-6.2915,0.4207,-0.0347
Allied Bank,insufficient,67779,19635,-0.1615,0.0566,-2.8536,0.2340,-0.0279,30113,0,,,,-inf,
Anti-Gravity Technology,good-early/good-late,100144,575,3.2047,0.3255,9.8461,-3.6870,1.1005,87909,36760,0.3609,0.0425,8.4937,0.2622,0.5106
Ants,bad-early/bad-late,30976,388,-0.8863,0.3716,-2.3855,-2.9070,-2.5453,55782,10524,-0.0421,0.0791,-0.5322,-0.5337,-0.3467
Aquifer Pumping,bad-early/bad-late,27091,4834,-0.2282,0.1128,-2.0234,-0.2505,-0.3712,49204,1520,-0.3479,0.1914,-1.8183,-2.3432,-1.6852
Archaebacteria,good-early/bad-late,45474,28770,-0.3098,0.0463,-6.6858,1.0152,0.2696,30581,1296,-0.4252,0.2143,-1.9847,-2.0270,-1.5820
Arctic Algae,good-early/good-late,61614,35003,-0.0084,0.0424,-0.1977,0.9075,0.5095,26999,3980,0.5148,0.1253,4.1083,-0.7804,0.0694
Artificial Lake,insufficient,24635,22,-3.6350,0.9170,-3.9639,-5.5479,-6.8011,64747,16774,0.3448,0.0634,5.4386,-0.2166,0.2212
Artificial Photosynthesis,bad-early/bad-late,64236,19634,-0.2851,0.0564,-5.0530,0.2877,-0.1210,54335,9402,-0.6832,0.0819,-8.3412,-0.6201,-1.0371
Asteroid,bad-early/good-late,86776,19125,-0.2023,0.0566,-3.5747,-0.0393,-0.2248,42674,23571,0.3688,0.0526,7.0113,0.5405,0.6773
Asteroid Mining,bad-early/bad-late,59610,26192,-0.3791,0.0493,-7.6912,0.6506,-0.0078,43092,15247,-0.3532,0.0641,-5.5098,0.0951,-0.2989
Asteroid Mining Consortium,good-early/bad-late,74360,18635,0.8847,0.0578,15.3160,0.0891,0.9355,59916,18383,-0.1295,0.0591,-2.1925,-0.0474,-0.1565
Beam From a Thorium Asteroid,bad-early/bad-late,59597,11432,-0.0873,0.0747,-1.1681,-0.1782,-0.1890,60533,11302,-0.3475,0.0742,-4.6849,-0.5441,-0.6580
Big Asteroid,bad-early/good-late,95529,14224,-0.0294,0.0659,-0.4463,-0.4315,-0.2757,57825,27408,0.4837,0.0490,9.8646,0.3875,0.7048
Biomass Combustors,good-early/bad-late,42881,495,1.8837,0.3687,5.1091,-2.9886,0.1781,48844,11930,-0.4260,0.0742,-5.7399,-0.2755,-0.5832
Birds,insufficient,78138,42,1.1164,1.0705,1.0429,-6.0556,-2.3394,143281,48223,0.0785,0.0388,2.0251,0.0451,0.1043
Black Polar Dust,bad-early/bad-late,30299,9219,-0.3691,0.0856,-4.3138,0.2831,-0.2075,44868,3951,0.6076,0.1264,4.8054,-1.2957,-0.1318
Breathing Filters,insufficient,38124,8,1.9528,0.9793,1.9941,-6.9962,-2.0399,109375,28958,-0.2472,0.0496,-4.9856,-0.1948,-0.3584
Bribed Committee,good-early/good-late,38558,26905,-0.0763,0.0483,-1.5781,1.1131,0.5590,26230,6005,0.3244,0.0979,3.3148,-0.3402,0.1303
Building Industries,good-early/bad-late,52754,28033,0.0088,0.0473,0.1856,0.8407,0.4886,27980,8219,-0.2518,0.0858,-2.9343,-0.0909,-0.3037
Bushes,bad-early/good-late,96473,888,-0.2011,0.2753,-0.7306,-3.2151,-2.0359,76477,41523,-0.2645,0.0397,-6.6544,0.5234,0.0342
Business Contacts,good-early/good-late,63657,27233,-0.0937,0.0474,-1.9772,0.6239,0.2624,35915,25219,0.2021,0.0523,3.8677,0.7805,0.6476
Business Network,good-early/good-late,53903,30315,-0.0734,0.0460,-1.5949,0.8974,0.4388,28002,16036,-0.1030,0.0650,-1.5847,0.5767,0.2261
CEO's Favourite Project,bad-early/good-late,31796,334,-0.6364,0.3726,-1.7078,-3.0830,-2.3958,94691,28466,0.1190,0.0507,2.3483,-0.0678,0.0803
Callisto Penal Mines,bad-early/bad-late,56434,15779,-0.7713,0.0610,-12.6356,0.1986,-0.6579,58689,17973,-0.2409,0.0605,-3.9793,-0.0493,-0.2690
Capital,bad-early/bad-late,49997,671,-0.5631,0.3078,-1.8291,-2.8380,-2.1826,77617,29598,-0.1360,0.0472,-2.8804,0.1700,-0.0389
Carbonate Processing,bad-early/bad-late,39455,13158,-0.5242,0.0710,-7.3861,0.3749,-0.3103,40878,4454,-0.2444,0.1189,-2.0554,-1.0827,-0.8623
Caretaker Contract,insufficient,18891,2,-0.6423,0.4913,-1.3074,-7.6803,-5.0254,55821,7414,-0.6371,0.0980,-6.5012,-0.8847,-1.1420
Cartel,good-early/good-late,64381,19008,0.8682,0.0574,15.1354,0.2530,1.0126,38551,13607,-0.0354,0.0662,-0.5345,0.0927,0.0175
Cloud Seeding,bad-early/bad-late,36236,3427,0.1102,0.1360,0.8104,-0.8854,-0.3951,50325,8635,-0.5951,0.0817,-7.2807,-0.6286,-0.9539
Colonizer Training Camp,bad-early/bad-late,72314,12722,-1.0674,0.0646,-16.5195,-0.2647,-1.2184,33768,6216,-0.1230,0.0982,-1.2530,-0.5583,-0.4416
Comet,bad-early/good-late,83901,20400,-0.1196,0.0563,-2.1256,0.0589,-0.0860,44174,19692,0.4110,0.0571,7.1967,0.3262,0.5971
Commercial District,bad-early/bad-late,61360,12855,-0.1589,0.0713,-2.2286,-0.0900,-0.2102,59505,23288,-0.1360,0.0536,-2.5350,0.1960,-0.0242
Convoy From Europa,bad-early/good-late,64894,26857,-0.3474,0.0482,-7.2037,0.5908,-0.0103,35230,17884,0.3220,0.0594,5.4239,0.4561,0.5823
Corporate Stronghold,good-early/bad-late,43673,13690,-0.0979,0.0678,-1.4432,0.3129,0.0807,41245,12338,-0.3655,0.0734,-4.9790,-0.0727,-0.4070
Cupola City,bad-early/good-late,72837,19696,-0.3828,0.0553,-6.9165,0.1652,-0.2885,37597,13830,-0.0122,0.0670,-0.1826,0.1340,0.0642
Decomposers,bad-early/good-late,87602,4874,-0.4749,0.1133,-4.1916,-1.4159,-1.2829,39611,26294,0.0095,0.0504,0.1880,0.7243,0.4228
Deep Well Heating,bad-early/good-late,55519,19349,-0.4881,0.0544,-8.9722,0.4189,-0.2491,45212,12153,0.2929,0.0715,4.0984,-0.1797,0.1903
Deimos Down,bad-early/good-late,101412,9396,0.4660,0.0823,5.6647,-0.9059,-0.0510,80046,33536,0.6605,0.0439,15.0524,0.2641,0.8112
Designed Microorganisms,good-early/bad-late,57023,24610,-0.0899,0.0505,-1.7805,0.6327,0.2712,36184,3482,-0.5946,0.1276,-4.6589,-1.2069,-1.2834
Development Center,good-early/bad-late,78460,25169,0.8750,0.0505,17.3360,0.3360,1.0667,36322,16569,-0.2147,0.0624,-3.4418,0.3492,-0.0154
Domed Crater,bad-early/bad-late,78185,14545,-0.4559,0.0654,-6.9668,-0.2088,-0.5751,44533,10105,0.0574,0.0762,0.7539,-0.3491,-0.1418
Dust Seals,bad-early/bad-late,21248,9961,-0.7351,0.0729,-10.0832,0.7154,-0.3269,28635,1914,0.4628,0.1652,2.8011,-1.5713,-0.4339
Earth Catapult,good-early/good-late,63060,32562,1.7081,0.0439,38.8776,0.8120,2.1715,27855,20838,0.1992,0.0555,3.5867,0.8439,0.6808
Earth Office,good-early/good-late,59517,30913,0.4559,0.0446,10.2175,0.8179,0.9227,28893,19457,0.1724,0.0579,2.9774,0.7387,0.5940
Ecological Zone,bad-early/good-late,104934,7621,-0.2381,0.0916,-2.6003,-1.1494,-0.8941,51864,34837,0.1552,0.0438,3.5478,0.7362,0.5753
Electro Catapult,good-early/bad-late,64907,27607,0.4853,0.0476,10.1967,0.6181,0.8380,30080,6825,-0.3277,0.0915,-3.5799,-0.3492,-0.5269
Energy Saving,bad-early/bad-late,23115,600,-0.3634,0.3305,-1.0994,-2.1783,-1.6065,54907,5000,-0.4966,0.1098,-4.5217,-1.2621,-1.2168
Energy Tapping,good-early/bad-late,60995,18084,0.4330,0.0592,7.3151,0.2572,0.5797,38618,4466,-0.5243,0.1233,-4.2522,-1.0231,-1.1082
Eos Chasma National Park,insufficient,58841,49,-1.9944,0.9855,-2.0237,-5.6178,-5.2004,107632,38152,0.0797,0.0428,1.8613,0.0970,0.1351
Equatorial Magnetizer,bad-early/bad-late,20281,908,-0.7580,0.2428,-3.1217,-1.6332,-1.6901,47756,7543,0.2462,0.0971,2.5367,-0.7114,-0.1598
Excentric Sponsor,insufficient,20009,5593,-0.4555,0.1099,-4.1451,0.1983,-0.3423,8768,0,,,,-inf,
Extreme-Cold Fungus,bad-early/bad-late,38089,7361,-0.4968,0.0846,-5.8701,-0.1707,-0.5943,45455,3692,-0.1657,0.1198,-1.3836,-1.3765,-0.9512
Farming,bad-early/good-late,58749,1123,0.5928,0.2281,2.5989,-2.4843,-0.8249,121252,35737,0.0694,0.0449,1.5443,-0.0876,0.0194
Fish,insufficient,72174,190,-2.5029,0.4643,-5.3905,-4.4668,-5.0521,130013,46666,0.0994,0.0386,2.5768,0.1095,0.1619
Flooding,good-early/good-late,51165,21133,0.0006,0.0560,0.0107,0.5888,0.3366,36392,10796,0.3693,0.0774,4.7727,-0.0811,0.3231
Food Factory,bad-early/bad-late,25715,4417,-0.8189,0.1069,-7.6637,-0.2886,-0.9836,50597,8602,-0.3396,0.0895,-3.7962,-0.6378,-0.7036
Fuel Factory,good-early/bad-late,54914,26351,-0.0199,0.0486,-0.4098,0.7387,0.4016,30132,8626,-0.4652,0.0825,-5.6361,-0.1167,-0.5318
Fueled Generators,bad-early/bad-late,50881,15409,-0.5016,0.0637,-7.8712,0.2784,-0.3426,41064,6015,-0.3078,0.1070,-2.8774,-0.7868,-0.7568
Fusion Power,bad-early/bad-late,55933,7439,0.0966,0.0915,1.0563,-0.5444,-0.2141,54802,11025,-0.4869,0.0760,-6.4109,-0.4695,-0.7549
GHG Factories,bad-early/bad-late,47315,15287,-0.4897,0.0659,-7.4300,0.3432,-0.2939,47950,4582,-0.4298,0.1172,-3.6670,-1.2139,-1.1225
GHG Producing Bacteria,bad-early/bad-late,45237,2789,0.6657,0.1529,4.3525,-1.3132,-0.0838,49851,7955,-0.0417,0.0905,-0.4610,-0.7011,-0.4418
Ganymede Colony,bad-early/bad-late,85889,2105,-1.4418,0.1335,-10.7988,-2.2358,-2.7177,136139,32370,0.0491,0.0474,1.0352,-0.3023,-0.1235
Gene Repair,bad-early/bad-late,74904,7882,0.3309,0.0893,3.7041,-0.7786,-0.1135,60916,26369,-0.2949,0.0507,-5.8173,0.2968,-0.1255
Geothermal Power,bad-early/bad-late,55311,21314,-0.2995,0.0534,-5.6079,0.5194,-0.0030,45145,6155,-0.5269,0.0995,-5.2964,-0.8585,-1.0168
Giant Ice Asteroid,good-early/good-late,98382,12748,0.9047,0.0706,12.8120,-0.5705,0.5791,61615,25923,0.6131,0.0485,12.6427,0.2683,0.7662
Giant Space Mirror,bad-early/bad-late,54083,18862,-0.2604,0.0564,-4.6201,0.4196,-0.0209,44384,5949,-0.5309,0.0995,-5.3365,-0.8756,-1.0305
Grass,bad-early/bad-late,86870,1498,0.6620,0.2010,3.2935,-2.5873,-0.8145,60793,31251,-0.3559,0.0458,-7.7650,0.4687,-0.0884
Great Dam,bad-early/bad-late,43999,3034,-0.5226,0.1403,-3.7245,-1.2013,-1.2082,59290,14996,-0.3602,0.0661,-5.4535,-0.2406,-0.4975
Great Escarpment Consortium,good-early/bad-late,63196,13608,0.4775,0.0668,7.1483,-0.0626,0.4418,48400,8326,-0.3800,0.0820,-4.6342,-0.6260,-0.7372
Greenhouses,bad-early/good-late,91080,1653,0.0827,0.2011,0.4112,-2.5362,-1.3647,118976,43982,0.0938,0.0401,2.3385,0.1390,0.1731
Hackers,good-early/bad-late,34356,18910,0.4233,0.0584,7.2527,0.8759,0.9232,33623,2056,-0.5519,0.1589,-3.4742,-1.6603,-1.4995
Heat Trappers,good-early/bad-late,57332,12875,0.7643,0.0711,10.7529,-0.0206,0.7525,47078,3488,-0.9019,0.1361,-6.6254,-1.4684,-1.7399
Heather,bad-early/bad-late,84661,1061,0.4395,0.2446,1.7971,-2.9065,-1.2192,52566,30955,-0.3607,0.0455,-7.9202,0.6046,-0.0157
Herbivores,insufficient,72781,58,-0.5684,0.9324,-0.6096,-5.6618,-3.7995,95438,45795,0.0969,0.0379,2.5588,0.3998,0.3251
Hired Raiders,good-early/good-late,46632,32512,0.0183,0.0445,0.4107,1.1123,0.6531,27300,22501,0.1904,0.0553,3.4463,0.9408,0.7273
House Printing,good-early/good-late,42451,24826,-0.5033,0.0493,-10.2069,0.9365,0.0312,34292,13742,-0.0883,0.0685,-1.2896,0.2196,0.0370
Ice Asteroid,good-early/good-late,76691,22855,-0.0832,0.0529,-1.5730,0.2624,0.0665,45408,16842,0.4800,0.0612,7.8415,0.1423,0.5612
Ice cap Melting,insufficient,24276,34,-1.4124,1.0417,-1.3558,-5.0979,-4.3217,65215,14654,0.6319,0.0676,9.3411,-0.3589,0.4270
Immigrant City,bad-early/good-late,67772,18822,-1.7004,0.0518,-32.8149,0.1919,-1.5909,41544,25539,-0.1869,0.0517,-3.6160,0.6476,0.1827
Immigration Shuttles,bad-early/bad-late,50315,14114,-0.3409,0.0659,-5.1758,0.2018,-0.2257,57191,12171,-0.4872,0.0702,-6.9404,-0.4132,-0.7230
Import of Advanced GHG,bad-early/good-late,49006,23676,-0.5254,0.0507,-10.3559,0.7455,-0.1000,31673,12381,0.2731,0.0715,3.8204,0.1948,0.3843
Imported GHG,bad-early/good-late,51588,23187,-0.5189,0.0510,-10.1780,0.6733,-0.1347,30600,17059,0.2547,0.0616,4.1344,0.5498,0.5685
Imported Hydrogen,bad-early/good-late,81754,21684,-0.1723,0.0552,-3.1212,0.1458,-0.0890,52045,26143,0.3624,0.0511,7.0876,0.4456,0.6167
Imported Nitrogen,bad-early/good-late,92062,250,-0.8705,0.4312,-2.0190,-4.4358,-3.4020,166004,47081,0.2756,0.0392,7.0340,-0.1260,0.2036
Indentured Workers,good-early/good-late,53346,25804,0.2086,0.0494,4.2211,0.7467,0.6348,32381,16470,0.0013,0.0649,0.0198,0.4581,0.2627
Industrial Center,bad-early/good-late,68536,15902,-0.1731,0.0619,-2.7979,0.0121,-0.1662,45224,23742,-0.1439,0.0537,-2.6776,0.4897,0.1356
Industrial Microbes,good-early/bad-late,48692,30055,-0.0510,0.0449,-1.1376,0.9905,0.5142,34336,7130,-0.5064,0.0886,-5.7140,-0.4378,-0.7562
Insects,insufficient,98403,174,0.0278,0.6042,0.0461,-4.8648,-2.7484,102196,47402,-0.0076,0.0380,-0.2001,0.3659,0.2012
Insulation,insufficient,22665,197,-0.8703,0.4863,-1.7894,-3.2724,-2.7378,59093,7945,-0.5058,0.0905,-5.5876,-0.8725,-1.0037
Interstellar Colony Ship,insufficient,65972,11,0.6313,2.3149,0.2727,-7.2261,-3.4925,156236,33654,0.1343,0.0466,2.8801,-0.4011,-0.0946
Invention Contest,good-early/good-late,54717,31987,-0.1024,0.0442,-2.3144,0.9361,0.4318,27135,23658,0.2052,0.0534,3.8408,0.9970,0.7742
Inventors' Guild,good-early/bad-late,62976,28860,0.1831,0.0474,3.8653,0.6927,0.5784,38294,14992,-0.3238,0.0657,-4.9279,0.1963,-0.2117
Investment Loan,bad-early/good-late,77105,13288,-0.0005,0.0686,-0.0073,-0.2853,-0.1633,59337,30857,0.1341,0.0472,2.8411,0.4802,0.4081
Io Mining Industries,good-early/bad-late,63833,22311,0.0146,0.0545,0.2682,0.4218,0.2553,50086,15579,-0.3055,0.0632,-4.8337,-0.0337,-0.3247
Ironworks,bad-early/bad-late,27684,2840,0.3387,0.1457,2.3238,-0.8041,-0.1202,47846,2462,0.3620,0.1529,2.3684,-1.8329,-0.6840
Kelp Farming,good-early/good-late,106441,3828,2.2885,0.1218,18.7863,-1.8523,1.2314,89466,43901,-0.0831,0.0389,-2.1355,0.4222,0.1578
Lagrange Observatory,bad-early/good-late,81259,19107,-0.3882,0.0563,-6.8930,0.0254,-0.3737,50834,28910,-0.0010,0.0486,-0.0214,0.5697,0.3241
Lake Marineris,insufficient,44859,152,-1.1012,0.5695,-1.9336,-4.2144,-3.5063,89277,23750,0.7627,0.0525,14.5333,-0.1901,0.6543
Land Claim,bad-early/good-late,26638,4341,-0.1539,0.1186,-1.2973,-0.3412,-0.3486,38796,16821,0.0472,0.0653,0.7218,0.2984,0.2175
Large Convoy,bad-early/good-late,101239,5429,-0.6229,0.1099,-5.6656,-1.4527,-1.4520,135759,43959,0.6003,0.0398,15.0799,0.0065,0.6040
Lava Flows,bad-early/good-late,67612,19852,-0.2393,0.0563,-4.2512,0.2475,-0.0980,54479,16297,0.5755,0.0625,9.2006,-0.0727,0.5340
Lava Tube Settlement,bad-early/bad-late,57173,13051,-1.1417,0.0666,-17.1421,-0.0042,-1.1441,53380,18984,-0.2374,0.0589,-4.0335,0.1003,-0.1802
Lichen,bad-early/good-late,80752,12502,-0.1214,0.0708,-1.7154,-0.3925,-0.3454,36981,15699,-0.1421,0.0628,-2.2639,0.2773,0.0161
Lightning Harvest,bad-early/bad-late,46990,5847,0.1436,0.1046,1.3724,-0.6110,-0.2051,48165,16694,-0.1287,0.0635,-2.0288,0.0745,-0.0862
Livestock,bad-early/good-late,42188,248,-2.3589,0.4817,-4.8965,-3.6635,-4.4496,81835,29441,0.0086,0.0487,0.1768,0.1118,0.0724
Local Heat Trapping,bad-early/bad-late,42878,1465,-0.8559,0.2092,-4.0913,-1.9035,-1.9422,93597,25472,-0.0694,0.0546,-1.2723,-0.1673,-0.1649
Lunar Beam,bad-early/bad-late,42073,15503,-0.5750,0.0641,-8.9664,0.4746,-0.3041,44132,3782,-0.4918,0.1298,-3.7883,-1.3228,-1.2467
Magnetic Field Dome,bad-early/bad-late,21344,1531,-1.0409,0.1733,-6.0073,-1.1619,-1.7040,48813,11586,0.1522,0.0772,1.9710,-0.3041,-0.0214
Magnetic Field Generators,bad-early/bad-late,23732,414,-1.7234,0.3593,-4.7967,-2.5757,-3.1934,65485,10860,0.1059,0.0799,1.3256,-0.6626,-0.2723
Mangrove,insufficient,72326,84,-2.3489,0.6024,-3.8992,-5.2851,-5.3651,144589,43697,0.4402,0.0403,10.9104,-0.0625,0.4045
Mars University,good-early/good-late,68428,30012,0.4920,0.0459,10.7223,0.6488,0.8623,29376,22571,0.0036,0.0548,0.0657,0.8706,0.5004
Martian Rails,bad-early/bad-late,28568,1474,-0.5276,0.1827,-2.8876,-1.4913,-1.3787,51267,8703,-0.2783,0.0815,-3.4162,-0.6393,-0.6431
Martian Survey,bad-early/bad-late,56818,22541,-0.6243,0.0520,-12.0124,0.5485,-0.3113,31443,2660,0.3754,0.1503,2.4972,-1.3357,-0.3869
Mass Converter,good-early/good-late,100796,5656,2.7372,0.0999,27.4072,-1.4074,1.9340,53913,25697,-0.1444,0.0501,-2.8831,0.3931,0.0799
Media Archives,bad-early/good-late,56730,360,0.2239,0.4510,0.4964,-3.5870,-1.8232,129883,39929,0.0313,0.0421,0.7439,-0.0454,0.0054
Media Group,good-early/good-late,66942,30234,0.6210,0.0450,13.7987,0.6781,1.0080,29727,20145,0.3493,0.0571,6.1161,0.7450,0.7745
Medical Lab,bad-early/bad-late,91355,9282,0.3710,0.0838,4.4266,-0.8137,-0.0934,49790,25712,-0.2734,0.0504,-5.4262,0.4732,-0.0033
Methane From Titan,bad-early/bad-late,80067,9735,0.0534,0.0820,0.6518,-0.6342,-0.3085,60584,19019,-0.1075,0.0586,-1.8332,-0.0245,-0.1215
Micro-Mills,bad-early/bad-late,18498,7718,-0.7840,0.0820,-9.5590,0.5989,-0.4422,32761,2788,0.1185,0.1450,0.8169,-1.3298,-0.6404
Mine,good-early/good-late,41043,36276,0.1059,0.0417,2.5387,1.3495,0.8760,19488,8887,-0.0233,0.0804,-0.2892,0.3489,0.1759
Mineral Deposit,good-early/good-late,66732,26117,0.0527,0.0488,1.0787,0.5349,0.3579,39143,21691,0.2191,0.0558,3.9266,0.5438,0.5294
Mining Area,good-early/good-late,63785,29745,0.6542,0.0457,14.3233,0.7101,1.0595,31537,18041,-0.0524,0.0609,-0.8602,0.5756,0.2761
Mining Expedition,bad-early/good-late,40907,7433,-0.9009,0.0871,-10.3374,-0.2324,-1.0335,47184,12735,0.1032,0.0706,1.4604,-0.1756,0.0030
Mining Rights,good-early/good-late,44638,37649,0.3916,0.0405,9.6648,1.3027,1.1350,22973,14564,-0.2641,0.0663,-3.9851,0.6783,0.1230
Miranda Resort,good-early/good-late,78869,13765,0.5394,0.0689,7.8314,-0.2727,0.3838,50793,24148,-0.1380,0.0517,-2.6692,0.3905,0.0849
Mohole Area,good-early/bad-late,46328,24026,0.1792,0.0517,3.4650,0.8164,0.6451,45723,5148,-0.4632,0.1098,-4.2202,-1.0499,-1.0624
Moss,bad-early/good-late,78715,11758,0.1718,0.0751,2.2880,-0.4283,-0.0726,36745,18752,-0.2527,0.0578,-4.3716,0.4614,0.0107
Natural Preserve,good-early/bad-late,48982,36008,0.3389,0.0415,8.1737,1.1653,1.0039,25509,2551,-0.0141,0.1489,-0.0949,-1.1684,-0.6810
Nitrite Reducing Bacteria,bad-early/bad-late,26792,8497,-0.5413,0.0810,-6.6813,0.3246,-0.3560,43711,5723,0.1716,0.1078,1.5923,-0.8990,-0.3414
Nitrogen-Rich Asteroid,good-early/good-late,106553,3440,1.7667,0.1325,13.3375,-1.9602,0.6481,78028,37987,0.1196,0.0420,2.8456,0.4143,0.3560
Nitrophilic Moss,good-early/bad-late,85665,11926,0.4386,0.0742,5.9092,-0.4987,0.1540,44442,18206,-0.4111,0.0588,-6.9902,0.2417,-0.2732
Noctis City,bad-early/good-late,82036,11756,-0.6669,0.0696,-9.5791,-0.4698,-0.9350,75132,31140,-0.1147,0.0468,-2.4504,0.2533,0.0299
Noctis Farming,bad-early/good-late,85398,3801,0.0722,0.1298,0.5561,-1.6391,-0.8632,52215,29226,0.0073,0.0481,0.1518,0.5538,0.3233
Nuclear Power,bad-early/bad-late,43631,11295,-0.4279,0.0758,-5.6437,0.1216,-0.3586,48501,4069,-0.6113,0.1267,-4.8234,-1.3441,-1.3783
Nuclear Zone,good-early/good-late,59524,31492,0.6291,0.0445,14.1373,0.8363,1.1064,36039,17281,0.5647,0.0608,9.2875,0.3991,0.7924
Olympus Conference,good-early/good-late,69521,29173,0.4675,0.0463,10.1061,0.6046,0.8125,33040,22444,0.0613,0.0545,1.1246,0.7474,0.4879
Open City,insufficient,43141,31,0.6527,1.2594,0.5183,-5.7653,-2.6374,109623,37144,0.2468,0.0439,5.6153,0.0519,0.2764
Optimal Aerobraking,good-early/good-late,84980,22932,0.3145,0.0509,6.1815,0.1631,0.4076,39682,21147,0.3028,0.0558,5.4291,0.5047,0.5909
Ore Processor,good-early/bad-late,30808,3231,0.4580,0.1453,3.1530,-0.7820,0.0117,49390,2947,-0.1523,0.1416,-1.0751,-1.6849,-1.1138
Permafrost extraction,insufficient,33333,52,-3.4885,1.0511,-3.3188,-4.9901,-6.3363,58864,19809,0.2498,0.0573,4.3604,0.0450,0.2755
Peroxide Power,bad-early/bad-late,51410,16578,-0.4199,0.0614,-6.8399,0.3412,-0.2252,44924,5613,-0.3693,0.1100,-3.3571,-0.9458,-0.9091
Pets,bad-early/good-late,49417,19557,-0.8699,0.0535,-16.2611,0.5460,-0.5583,34410,16745,0.1020,0.0628,1.6251,0.4139,0.3382
Phobos Space Haven,bad-early/bad-late,56376,14389,-1.2309,0.0618,-19.9055,0.1074,-1.1696,57647,18977,-0.2981,0.0598,-4.9836,0.0230,-0.2850
Physics Complex,bad-early/bad-late,38947,1847,-0.3984,0.1645,-2.4212,-1.5757,-1.2976,63562,13582,-0.1228,0.0714,-1.7201,-0.4092,-0.3563
Plantation,bad-early/good-late,91626,7657,-0.3401,0.0921,-3.6929,-1.0091,-0.9160,67362,29965,0.0351,0.0472,0.7424,0.3241,0.2200
Power Grid,bad-early/bad-late,24033,791,-0.0839,0.2868,-0.2924,-1.9409,-1.1915,55287,4002,-0.6790,0.1205,-5.6328,-1.4916,-1.5302
Power Infrastructure,bad-early/bad-late,24807,2613,-0.2549,0.1421,-1.7941,-0.7776,-0.6987,44281,7134,0.2968,0.0956,3.1031,-0.6916,-0.0979
Power Plant,good-early/bad-late,55532,26077,-0.3418,0.0482,-7.0967,0.7171,0.0674,32043,7969,-0.1954,0.0896,-2.1811,-0.2574,-0.3423
Power Supply Consortium,bad-early/bad-late,51820,5893,0.1347,0.1016,1.3252,-0.7010,-0.2654,45917,10695,-0.2402,0.0770,-3.1176,-0.3230,-0.4245
Predators,insufficient,49452,15,-3.4765,0.4615,-7.5334,-6.6277,-7.2589,103670,23903,-0.2775,0.0561,-4.9453,-0.3331,-0.4676
Protected Habitats,bad-early/good-late,73290,26330,-0.8282,0.0480,-17.2592,0.4493,-0.5718,26714,16846,-0.1169,0.0607,-1.9246,0.6730,0.2672
Protected Valley,good-early/good-late,69584,18671,0.2049,0.0600,3.4151,0.1574,0.2947,58954,20593,0.1494,0.0579,2.5783,0.0823,0.1963
Psychrophiles,good-early/bad-late,39839,36150,0.3932,0.0411,9.5671,1.3758,1.1784,27132,956,0.0986,0.2454,0.4016,-2.2116,-1.1636
Quantum Extractor,good-early/bad-late,96613,8191,1.5621,0.0884,17.6799,-0.9947,0.9944,47606,21214,-0.4349,0.0543,-8.0104,0.3258,-0.2490
Rad-Chem Factory,bad-early/good-late,43894,9892,-0.7638,0.0781,-9.7829,-0.0171,-0.7736,54429,21621,-0.0587,0.0564,-1.0409,0.2109,0.0617
Rad-Suits,bad-early/good-late,28541,3878,-0.6342,0.1168,-5.4297,-0.5230,-0.9327,38785,15512,-0.0560,0.0659,-0.8496,0.2177,0.0683
Regolith Eaters,bad-early/bad-late,29852,7709,-0.3100,0.0885,-3.5013,0.1191,-0.2420,47704,2737,-0.6798,0.1483,-4.5852,-1.7241,-1.6637
Release of Inert Gases,bad-early/bad-late,32839,8507,-0.9250,0.0793,-11.6674,0.1223,-0.8553,51743,11697,-0.0657,0.0764,-0.8591,-0.3529,-0.2670
Research,good-early/good-late,81377,22544,0.0957,0.0526,1.8204,0.1894,0.2037,52818,28236,0.1388,0.0490,2.8327,0.5078,0.4286
Research Coordination,bad-early/bad-late,78563,19206,-0.0613,0.0561,-1.0929,0.0643,-0.0246,43348,13466,-0.2883,0.0700,-4.1173,-0.0350,-0.3083
Research Outpost,good-early/good-late,52942,36169,0.9786,0.0414,23.6301,1.0920,1.6018,25470,20924,0.2500,0.0564,4.4324,0.9375,0.7850
Restricted Area,good-early/good-late,58421,33083,1.0443,0.0435,24.0066,0.9043,1.5604,29739,19807,-0.0465,0.0577,-0.8066,0.7277,0.3688
Robotic Workforce,good-early/bad-late,70709,20415,0.4724,0.0557,8.4856,0.2307,0.6040,54933,15837,-0.4638,0.0635,-7.3005,-0.1097,-0.5263
Rover Construction,bad-early/good-late,45341,23172,-0.9224,0.0491,-18.7855,0.8017,-0.4648,29773,18992,-0.0831,0.0598,-1.3909,0.6845,0.3075
SF Memorial,bad-early/good-late,48053,15577,-1.0597,0.0604,-17.5497,0.3465,-0.8620,45351,23280,-0.0320,0.0549,-0.5829,0.4673,0.2346
Sabotage,good-early/good-late,44547,32557,0.0249,0.0443,0.5620,1.1594,0.6866,28126,21889,0.3284,0.0565,5.8182,0.8834,0.8326
Satellites,bad-early/bad-late,60718,9347,0.2239,0.0824,2.7155,-0.3982,-0.0034,44439,15963,-0.1224,0.0617,-1.9831,0.1103,-0.0595
Search For Life,bad-early/bad-late,63115,16211,-0.4503,0.0591,-7.6148,0.1137,-0.3854,30893,4220,-0.2896,0.1195,-2.4238,-0.8566,-0.7784
Security Fleet,bad-early/bad-late,26255,2434,-1.5572,0.1200,-12.9795,-0.9053,-2.0738,49354,6272,-0.2607,0.1027,-2.5393,-0.9288,-0.7908
Shuttles,bad-early/good-late,66777,765,-0.0239,0.3041,-0.0786,-2.9963,-1.7338,53257,31346,-0.1085,0.0459,-2.3644,0.6041,0.2362
Small Animals,bad-early/good-late,71737,538,0.8611,0.3210,2.6827,-3.4199,-1.0906,61892,32530,-0.0769,0.0450,-1.7073,0.4909,0.2033
Soil Factory,bad-early/bad-late,23575,2473,-1.3632,0.1395,-9.7725,-0.7818,-1.8094,50028,11086,-0.1092,0.0788,-1.3862,-0.3728,-0.3219
Solar Power,bad-early/bad-late,41995,11268,-0.9595,0.0688,-13.9529,0.1574,-0.8696,50962,10846,-0.1787,0.0802,-2.2294,-0.4132,-0.4145
Solar Wind Power,good-early/good-late,74569,28584,0.0212,0.0464,0.4573,0.5141,0.3146,37201,20305,-0.1233,0.0574,-2.1476,0.5286,0.1784
Soletta,bad-early/bad-late,38616,10158,-0.6486,0.0791,-8.2031,0.1376,-0.5700,53988,2333,-0.8988,0.1486,-6.0468,-2.0075,-2.0444
Space Elevator,good-early/bad-late,60804,29537,0.5821,0.0461,12.6376,0.7510,1.0107,34265,16135,-0.2929,0.0619,-4.7338,0.3810,-0.0755
Space Hotels,good-early/bad-late,68027,23637,0.7937,0.0514,15.4363,0.4159,1.0311,36387,12454,-0.3362,0.0691,-4.8678,0.0619,-0.3008
Space Mirrors,bad-early/bad-late,30529,7055,-0.9755,0.0835,-11.6847,0.0080,-0.9709,44508,2677,-0.3806,0.1543,-2.4667,-1.6769,-1.3376
Space Station,bad-early/good-late,65486,23761,-0.6084,0.0503,-12.0919,0.4592,-0.3463,32786,22042,-0.0764,0.0544,-1.4056,0.7371,0.3442
Special Design,bad-early/good-late,30679,1507,-0.0137,0.2053,-0.0669,-1.5405,-0.8929,56086,10982,0.3988,0.0806,4.9495,-0.4965,0.1155
Sponsors,good-early/bad-late,43055,35392,-0.0013,0.0419,-0.0305,1.2770,0.7275,22822,8637,-0.2331,0.0818,-2.8489,0.1624,-0.1404
Standard Technology,bad-early/good-late,79902,12670,-0.5325,0.0691,-7.7027,-0.3686,-0.7429,67762,23429,0.0455,0.0538,0.8459,0.0721,0.0867
Steelworks,good-early/bad-late,33183,3887,0.8552,0.1306,6.5490,-0.6714,0.4720,48568,3139,-0.3533,0.1388,-2.5453,-1.6050,-1.2692
Strip Mine,good-early/bad-late,68345,16974,0.0091,0.0611,0.1490,0.0801,0.0548,50991,11644,-0.4861,0.0693,-7.0111,-0.3428,-0.6817
Subterranean Reservoir,bad-early/good-late,51429,19337,-0.4587,0.0561,-8.1798,0.4948,-0.1763,41167,12628,0.2103,0.0710,2.9627,-0.0476,0.1832
Symbiotic Fungus,insufficient,27314,122,-0.4272,0.7544,-0.5663,-3.9381,-2.6746,47044,12287,0.0728,0.0718,1.0141,-0.2084,-0.0461
Tardigrades,good-early/bad-late,24628,11650,-0.4002,0.0718,-5.5732,0.7244,0.0132,32217,5628,0.3444,0.1097,3.1390,-0.6106,-0.0041
Technology Demonstration,good-early/good-late,69451,28956,-0.1796,0.0462,-3.8840,0.5981,0.1618,30273,25250,0.1289,0.0518,2.4901,0.9527,0.6726
Tectonic Stress Power,bad-early/bad-late,49199,7615,-0.1316,0.0903,-1.4574,-0.3928,-0.3557,55805,8999,-0.3896,0.0832,-4.6834,-0.6906,-0.7838
Terraforming Ganymede,insufficient,87894,158,-0.4252,0.5167,-0.8229,-4.8483,-3.1921,164411,28527,0.2438,0.0514,4.7462,-0.6174,-0.1085
Titanium Mine,good-early/bad-late,43774,35735,0.0394,0.0418,0.9432,1.2701,0.7642,24437,8375,-0.2486,0.0827,-3.0059,0.0633,-0.2125
Toll Station,bad-early/bad-late,39492,2023,-0.4204,0.1763,-2.3849,-1.4985,-1.2756,53915,10955,-0.6307,0.0738,-8.5420,-0.4595,-0.8929
Towing a Comet,bad-early/good-late,84827,17649,-0.5358,0.0607,-8.8281,-0.0970,-0.5911,50180,19384,0.3033,0.0566,5.3560,0.1829,0.4076
Trans-Neptune Probe,bad-early/bad-late,88272,9902,-0.0343,0.0770,-0.4451,-0.7147,-0.4422,81555,35279,-0.2295,0.0446,-5.1446,0.2961,-0.0605
Trees,bad-early/good-late,83882,1069,0.4853,0.2656,1.8274,-2.8897,-1.1638,113412,46501,-0.0624,0.0384,-1.6257,0.2425,0.0760
Tropical Resort,bad-early/bad-late,24582,1294,-1.6078,0.1839,-8.7445,-1.4713,-2.4475,65658,13895,-0.1852,0.0716,-2.5861,-0.4188,-0.4242
Tundra Farming,bad-early/bad-late,45263,218,-1.5663,0.4966,-3.1541,-3.8628,-3.7707,87650,28534,-0.1420,0.0493,-2.8793,0.0118,-0.1353
Underground City,bad-early/bad-late,51247,9655,-1.2236,0.0765,-15.9896,-0.1962,-1.3356,50951,19386,-0.2913,0.0580,-5.0225,0.1678,-0.1955
Underground Detonations,bad-early/bad-late,18642,1021,-1.0969,0.1980,-5.5390,-1.4316,-1.9140,47821,411,-0.1504,0.3693,-0.4072,-3.6225,-2.2177
Urbanized Area,bad-early/bad-late,48329,1204,-0.6269,0.1980,-3.1662,-2.2194,-1.8935,89624,27180,-0.1702,0.0504,-3.3738,-0.0590,-0.2039
Vesta Shipyard,good-early/good-late,52615,30975,-0.3542,0.0444,-7.9768,0.9432,0.1840,33310,17596,-0.2100,0.0608,-3.4542,0.4959,0.0730
Viral Enhancers,good-early/good-late,84784,21942,-0.0283,0.0524,-0.5400,0.1213,0.0409,33664,24673,0.0393,0.0519,0.7573,0.8234,0.5092
Virus,bad-early/good-late,82126,9348,0.3057,0.0815,3.7508,-0.7001,-0.0938,63923,26469,0.1009,0.0513,1.9653,0.2524,0.2449
Water Import From Europa,bad-early/bad-late,77126,3042,-1.2602,0.1282,-9.8307,-1.7599,-2.2646,122932,26664,0.0998,0.0524,1.9052,-0.3942,-0.1251
Water Splitting Plant,bad-early/bad-late,24497,1590,-0.0377,0.2018,-0.1868,-1.2618,-0.7578,49082,2042,0.0284,0.1694,0.1676,-2.0455,-1.1389
Wave Power,bad-early/bad-late,37155,3851,-0.7040,0.1280,-5.4989,-0.7938,-1.1570,53322,13608,-0.0805,0.0710,-1.1333,-0.2316,-0.2127
Windmills,insufficient,30837,71,-0.3638,0.9840,-0.3698,-4.6008,-2.9895,60524,24240,-0.1116,0.0528,-2.1153,0.2191,0.0134
Worms,bad-early/bad-late,25217,291,-0.1725,0.4616,-0.3737,-2.9890,-1.8783,51281,12469,0.1413,0.0713,1.9811,-0.2800,-0.0184
Zeppelins,insufficient,28251,22,-0.7027,1.5416,-0.4558,-5.6849,-3.9469,68390,13900,-0.3301,0.0679,-4.8646,-0.4592,-0.5922
