Corp,CrediCor,Ecoline,Helion,Mining Guild,Interplanetary Cinematics,Inventrix,PhoboLog,Tharsis Republic,ThorGate,United Nations Mars Initiative,Teractor,Saturn Systems,Cheung Shing Mars,Point Luna,Robinson Industries,Valley Trust,Vitor
CrediCor,,0.620,-0.066,-0.324,0.022,0.212,0.359,0.221,0.425,-1.638,0.117,-0.222,-0.153,-0.025,-0.002,-0.261,0.058
Ecoline,-0.700,,0.474,0.176,-0.763,0.380,-0.407,-0.021,0.206,0.131,0.534,-0.228,0.121,0.560,1.831,-0.271,-0.953
Helion,-0.154,-0.755,,-0.112,-0.692,-0.708,0.250,0.036,0.748,1.970,-0.501,-0.186,-0.531,1.842,0.376,-0.358,0.306
Mining Guild,0.428,-0.487,0.100,,0.249,-0.459,-0.664,-0.739,1.839,0.026,-0.375,0.332,0.202,0.086,1.211,-0.083,-0.348
Interplanetary Cinematics,-0.026,0.738,0.692,-0.439,,0.509,-2.044,0.333,-1.348,-1.006,-0.010,0.165,0.468,-0.410,-0.239,0.248,-0.061
Inventrix,-0.000,-0.467,0.652,0.414,-0.384,,0.293,-1.701,-0.540,1.098,0.319,0.196,0.046,-0.053,0.429,0.041,0.566
PhoboLog,-0.411,0.332,0.337,1.341,1.529,-0.253,,0.836,0.942,2.024,-1.141,-0.744,-1.852,0.225,-1.298,1.115,-0.737
Tharsis Republic,-0.312,0.085,0.078,0.789,-0.286,1.515,-1.350,,1.155,-0.603,0.757,-1.263,1.038,-0.360,-1.265,0.369,-0.426
ThorGate,0.126,0.264,-0.610,-1.589,1.026,0.464,-1.500,-1.020,,0.181,0.079,1.163,-0.003,-0.418,1.229,0.655,-0.418
United Nations Mars Initiative,1.427,0.072,-1.924,-0.355,0.092,-0.716,-0.450,0.726,-1.026,,1.053,0.941,-0.599,0.035,0.884,-1.057,-0.633
Teractor,-0.132,-0.555,0.455,0.087,-0.022,-0.483,0.826,-0.827,0.395,-0.153,,-0.107,0.702,-0.176,-0.550,0.577,0.229
Saturn Systems,0.338,0.017,0.439,-0.417,0.130,-0.411,0.413,1.301,-1.338,-0.864,0.192,,-0.523,-1.158,-0.308,0.734,0.323
Cheung Shing Mars,0.000,0.206,0.477,-0.164,-0.089,0.150,1.795,-0.973,-0.122,-0.236,-0.926,0.680,,0.361,-0.781,-0.632,0.606
Point Luna,-0.123,-0.449,-1.821,-0.297,0.298,0.276,0.076,0.499,0.112,-0.525,0.499,1.171,-0.409,,0.007,-0.389,0.336
Robinson Industries,-0.035,-1.941,-0.098,-0.952,0.047,-0.533,1.216,1.186,-1.668,0.413,0.699,0.342,0.618,0.014,,0.343,-0.213
Valley Trust,0.279,0.274,0.413,0.290,-0.118,-0.254,-1.033,-0.383,-0.493,1.129,-0.542,-0.704,0.609,0.287,-0.478,,0.161
Vitor,0.161,1.131,-0.512,0.505,0.134,-0.527,0.694,0.462,-0.041,0.518,-0.288,-0.549,-0.673,-0.346,0.294,-0.228,
