Corporation,kept,offered,all_raw,all_raw_se,all_delta,all_se,decl_raw,decl_raw_se,decl_delta,decl_se
Point Luna,28044,36340,0.9287,0.0507,0.8605,0.0500,1.0019,0.0974,0.8820,0.0978
Cheung Shing Mars,21912,36445,0.5205,0.0561,0.5366,0.0554,0.3256,0.0854,0.3844,0.0878
Saturn Systems,21579,36939,0.4820,0.0560,0.5179,0.0554,0.2702,0.0848,0.4310,0.0867
Interplanetary Cinematics,17424,36934,0.4815,0.0633,0.4471,0.0623,0.5854,0.0831,0.6479,0.0852
Ecoline,21405,36702,0.1675,0.0551,0.3241,0.0549,-0.0858,0.0834,0.2999,0.0846
Valley Trust,25629,36812,0.3319,0.0528,0.3221,0.0521,0.3100,0.0899,0.4041,0.0920
Vitor,23276,36875,0.2835,0.0565,0.2725,0.0556,0.3642,0.0851,0.3990,0.0863
CrediCor,23263,37004,0.2247,0.0559,0.2245,0.0551,0.2375,0.0843,0.3096,0.0857
Mining Guild,19144,36783,0.0896,0.0598,0.0838,0.0591,0.0141,0.0835,0.1372,0.0853
Tharsis Republic,20616,37135,-0.0668,0.0558,0.0724,0.0553,-0.3869,0.0826,-0.0562,0.0852
Teractor,17934,36672,-0.1268,0.0616,-0.1771,0.0605,-0.0120,0.0834,-0.0547,0.0861
Robinson Industries,15045,36771,-0.4087,0.0651,-0.2609,0.0645,-0.4723,0.0837,-0.2449,0.0869
Helion,14336,37064,-1.0985,0.0656,-0.8472,0.0652,-1.0647,0.0833,-0.5889,0.0861
Inventrix,15635,36629,-1.0645,0.0641,-0.9388,0.0635,-1.0409,0.0837,-0.8020,0.0872
PhoboLog,12424,36503,-1.0608,0.0690,-1.0023,0.0683,-0.9573,0.0855,-0.7885,0.0859
ThorGate,6448,36522,-1.4926,0.0948,-1.2728,0.0937,-1.2990,0.1045,-0.9166,0.1057
United Nations Mars Initiative,7180,36974,-1.8975,0.0848,-1.6534,0.0848,-1.7152,0.0958,-1.3029,0.0972
