Corporation,BaselineAvg,BaselinePlays,Biology,Economy,Industry,Jovians,Science,Terraforming
Beginner Corp,7.91015625,256,6.08984375,-0.17102581521739157,-2.41015625,-12.546519886363637,-4.814002403846153,5.746560167910447
Point Luna,1.4044053958414566,1054071,0.029503926295084915,0.06825351073962804,-0.23440838583452228,-0.15381685281242174,0.2622725702602382,0.011644440298220093
Unknown,1.2074186222558667,22457,0.316191031469212,0.03604686966777493,-0.45337869830149413,-0.019840982504313986,0.4923611673208399,0.030644478807065667
Cheung Shing Mars,0.9505616263478631,747294,0.08151261656975328,0.07125364528380995,-0.16415379074846237,-0.46007778266659094,0.3142677642865104,0.010358235489544954
Saturn Systems,0.9228327776352911,717416,0.18193442352638578,0.00916543616504284,-0.3682878878077156,-0.039193770701719255,0.2723486194944591,0.0462991927122024
Vitor,0.8249714742597144,849233,0.021806101582589554,0.04976147263602004,-0.19423812730281886,-0.06432232385555281,0.3261618765894031,-0.0574714072182112
Interplanetary Cinematics,0.8192853123907009,591839,-0.05321421966924145,0.1296202277591605,-0.2656605576908915,-0.2616224273700606,0.22310951843892912,0.06920422934397052
Valley Trust,0.8184961322425265,879838,0.016591497738763894,0.07551647616094237,-0.2570579540700001,-0.19977076976430896,0.32209804106281414,0.029214890136524452
CrediCor,0.6570381425326219,757160,0.03374670603744079,0.1396363004969995,-0.30381450790893144,-0.1107951612372462,0.16388457230198983,0.06995107804996381
Mining Guild,0.5942721234939531,658429,0.010170220551415587,0.018801859735754323,-0.18760606000697133,-0.380268820355972,0.3295491262374918,0.06557006637631202
Tharsis Republic,0.4252071031784444,640502,0.038958377680889944,0.055192103637706935,-0.19650157579295222,-0.2257273763218447,0.16809317496885273,0.09892757882238695
Teractor,0.3996676695864973,607227,0.14960822313060423,0.03532638298247709,-0.3111222698129508,-0.18845353510449395,0.25568881587184117,0.05436578397421754
Ecoline,0.36693405331843876,549641,0.005276182916309324,0.015880355324575435,-0.39628823725050616,-0.4921024656788195,0.01336007394774752,0.242192125601419
Robinson Industries,0.16535210128220684,469737,0.18116658587393053,0.019783628933569386,-0.2509422607917247,-0.3158737941966939,0.21607860321080252,0.10203957431122929
Inventrix,-0.4571803181453682,512533,0.14856113239369972,0.07564002437800021,-0.2653767749864766,-0.2239027958072456,0.22366089897286762,0.0365088881757098
PhoboLog,-0.6223490116851605,394004,0.1953668792263049,0.015152685545910427,-0.26543633325114924,-0.034990582952178606,0.15078011295798843,0.07525743829305942
Helion,-0.6837732781756177,440434,0.091943884547663,0.07740473691581173,-0.24983576511084493,-0.1295075044544981,0.163297022119128,0.07165908236259966
ThorGate,-1.046026260560206,206317,0.16998847069476075,0.06479951379432547,-0.18391045410548235,-0.13371999789151467,0.1851592346237596,0.05094685997868065
United Nations Mars Initiative,-1.4706646074915584,191015,0.19657752458717992,-0.00897067243464611,-0.19572657708144447,-0.06761224170966051,0.10921551774679572,0.07857433007658532
