Corporation,Group,BaselineAvg,BaselinePlays,GroupAvg,GroupPlays,Lift
Beginner Corp,Biology,7.91015625,256,14.0,24,6.08984375
Beginner Corp,Terraforming,7.91015625,256,13.656716417910447,67,5.746560167910447
Beginner Corp,Economy,7.91015625,256,7.739130434782608,46,-0.17102581521739157
Beginner Corp,Industry,7.91015625,256,5.5,56,-2.41015625
Beginner Corp,Science,7.91015625,256,3.0961538461538463,52,-4.814002403846153
Beginner Corp,Jovians,7.91015625,256,-4.636363636363637,11,-12.546519886363637
Cheung Shing Mars,Science,0.9505616263478631,747294,1.2648293906343735,138357,0.3142677642865104
Cheung Shing Mars,Biology,0.9505616263478631,747294,1.0320742429176164,67562,0.08151261656975328
Cheung Shing Mars,Economy,0.9505616263478631,747294,1.021815271631673,106210,0.07125364528380995
Cheung Shing Mars,Terraforming,0.9505616263478631,747294,0.9609198618374081,207292,0.010358235489544954
Cheung Shing Mars,Industry,0.9505616263478631,747294,0.7864078355994008,141508,-0.16415379074846237
Cheung Shing Mars,Jovians,0.9505616263478631,747294,0.4904838436812722,47288,-0.46007778266659094
CrediCor,Science,0.6570381425326219,757160,0.8209227148346118,141062,0.16388457230198983
CrediCor,Economy,0.6570381425326219,757160,0.7966744430296214,107591,0.1396363004969995
CrediCor,Terraforming,0.6570381425326219,757160,0.7269892205825857,221255,0.06995107804996381
CrediCor,Biology,0.6570381425326219,757160,0.6907848485700627,71122,0.03374670603744079
CrediCor,Jovians,0.6570381425326219,757160,0.5462429812953757,55922,-0.1107951612372462
CrediCor,Industry,0.6570381425326219,757160,0.3532236346236905,118081,-0.30381450790893144
Ecoline,Terraforming,0.36693405331843876,549641,0.6091261789198578,184809,0.242192125601419
Ecoline,Economy,0.36693405331843876,549641,0.3828144086430142,73678,0.015880355324575435
Ecoline,Science,0.36693405331843876,549641,0.3802941272661863,91729,0.01336007394774752
Ecoline,Biology,0.36693405331843876,549641,0.3722102362347481,55157,0.005276182916309324
Ecoline,Industry,0.36693405331843876,549641,-0.029354183932067405,83259,-0.39628823725050616
Ecoline,Jovians,0.36693405331843876,549641,-0.12516841236038073,23009,-0.4921024656788195
Helion,Science,-0.6837732781756177,440434,-0.5204762560564897,79873,0.163297022119128
Helion,Biology,-0.6837732781756177,440434,-0.5918293936279547,38920,0.091943884547663
Helion,Economy,-0.6837732781756177,440434,-0.606368541259806,60422,0.07740473691581173
Helion,Terraforming,-0.6837732781756177,440434,-0.6121141958130181,134751,0.07165908236259966
Helion,Jovians,-0.6837732781756177,440434,-0.8132807826301158,28417,-0.1295075044544981
Helion,Industry,-0.6837732781756177,440434,-0.9336090432864627,72540,-0.24983576511084493
Interplanetary Cinematics,Science,0.8192853123907009,591839,1.04239483082963,110037,0.22310951843892912
Interplanetary Cinematics,Economy,0.8192853123907009,591839,0.9489055401498614,84745,0.1296202277591605
Interplanetary Cinematics,Terraforming,0.8192853123907009,591839,0.8884895417346714,172782,0.06920422934397052
Interplanetary Cinematics,Biology,0.8192853123907009,591839,0.7660710927214595,53170,-0.05321421966924145
Interplanetary Cinematics,Jovians,0.8192853123907009,591839,0.5576628850206403,34641,-0.2616224273700606
Interplanetary Cinematics,Industry,0.8192853123907009,591839,0.5536247546998094,105483,-0.2656605576908915
Inventrix,Science,-0.4571803181453682,512533,-0.23351941917250058,100133,0.22366089897286762
Inventrix,Biology,-0.4571803181453682,512533,-0.30861918575166847,49297,0.14856113239369972
Inventrix,Economy,-0.4571803181453682,512533,-0.381540293767368,75570,0.07564002437800021
Inventrix,Terraforming,-0.4571803181453682,512533,-0.4206714299696584,143038,0.0365088881757098
Inventrix,Jovians,-0.4571803181453682,512533,-0.6810831139526138,34567,-0.2239027958072456
Inventrix,Industry,-0.4571803181453682,512533,-0.7225570931318448,82453,-0.2653767749864766
Mining Guild,Science,0.5942721234939531,658429,0.9238212497314449,121018,0.3295491262374918
Mining Guild,Terraforming,0.5942721234939531,658429,0.6598421898702651,176668,0.06557006637631202
Mining Guild,Economy,0.5942721234939531,658429,0.6130739832297074,87655,0.018801859735754323
Mining Guild,Biology,0.5942721234939531,658429,0.6044423440453687,55016,0.010170220551415587
Mining Guild,Industry,0.5942721234939531,658429,0.40666606348698175,143683,-0.18760606000697133
Mining Guild,Jovians,0.5942721234939531,658429,0.21400330313798108,39962,-0.380268820355972
PhoboLog,Biology,-0.6223490116851605,394004,-0.42698213245885563,32629,0.1953668792263049
PhoboLog,Science,-0.6223490116851605,394004,-0.4715688987271721,72280,0.15078011295798843
PhoboLog,Terraforming,-0.6223490116851605,394004,-0.5470915733921011,103458,0.07525743829305942
PhoboLog,Economy,-0.6223490116851605,394004,-0.6071963261392501,59447,0.015152685545910427
PhoboLog,Jovians,-0.6223490116851605,394004,-0.6573395946373392,41099,-0.034990582952178606
PhoboLog,Industry,-0.6223490116851605,394004,-0.8877853449363098,63432,-0.26543633325114924
Point Luna,Science,1.4044053958414566,1054071,1.6666779661016948,206500,0.2622725702602382
Point Luna,Economy,1.4044053958414566,1054071,1.4726589065810847,177919,0.06825351073962804
Point Luna,Biology,1.4044053958414566,1054071,1.4339093221365415,99076,0.029503926295084915
Point Luna,Terraforming,1.4044053958414566,1054071,1.4160498361396767,283168,0.011644440298220093
Point Luna,Jovians,1.4044053958414566,1054071,1.2505885430290349,80283,-0.15381685281242174
Point Luna,Industry,1.4044053958414566,1054071,1.1699970100069343,157191,-0.23440838583452228
Robinson Industries,Science,0.16535210128220684,469737,0.38143070449300936,88404,0.21607860321080252
Robinson Industries,Biology,0.16535210128220684,469737,0.3465186871561374,42168,0.18116658587393053
Robinson Industries,Terraforming,0.16535210128220684,469737,0.26739167559343613,128826,0.10203957431122929
Robinson Industries,Economy,0.16535210128220684,469737,0.18513573021577623,70397,0.019783628933569386
Robinson Industries,Industry,0.16535210128220684,469737,-0.08559015950951787,77801,-0.2509422607917247
Robinson Industries,Jovians,0.16535210128220684,469737,-0.1505216929144871,35749,-0.3158737941966939
Saturn Systems,Science,0.9228327776352911,717416,1.1951813971297502,135807,0.2723486194944591
Saturn Systems,Biology,0.9228327776352911,717416,1.104767201161677,64734,0.18193442352638578
Saturn Systems,Terraforming,0.9228327776352911,717416,0.9691319703474935,191687,0.0462991927122024
Saturn Systems,Economy,0.9228327776352911,717416,0.931998213800334,103012,0.00916543616504284
Saturn Systems,Jovians,0.9228327776352911,717416,0.8836390069335719,71536,-0.039193770701719255
Saturn Systems,Industry,0.9228327776352911,717416,0.5545448898275755,112687,-0.3682878878077156
Teractor,Science,0.3996676695864973,607227,0.6553564854583385,114086,0.25568881587184117
Teractor,Biology,0.3996676695864973,607227,0.5492758927171015,57381,0.14960822313060423
Teractor,Terraforming,0.3996676695864973,607227,0.45403345356071484,171342,0.05436578397421754
Teractor,Economy,0.3996676695864973,607227,0.4349940525689744,94999,0.03532638298247709
Teractor,Jovians,0.3996676695864973,607227,0.21121413448200335,41091,-0.18845353510449395
Teractor,Industry,0.3996676695864973,607227,0.08854539977354649,96267,-0.3111222698129508
Tharsis Republic,Science,0.4252071031784444,640502,0.5933002781472971,115766,0.16809317496885273
Tharsis Republic,Terraforming,0.4252071031784444,640502,0.5241346820008314,180425,0.09892757882238695
Tharsis Republic,Economy,0.4252071031784444,640502,0.48039920681615134,91782,0.055192103637706935
Tharsis Republic,Biology,0.4252071031784444,640502,0.46416548085933435,57626,0.038958377680889944
Tharsis Republic,Industry,0.4252071031784444,640502,0.22870552738549219,119315,-0.19650157579295222
Tharsis Republic,Jovians,0.4252071031784444,640502,0.1994797268565997,39979,-0.2257273763218447
ThorGate,Science,-1.046026260560206,206317,-0.8608670259364464,37669,0.1851592346237596
ThorGate,Biology,-1.046026260560206,206317,-0.8760377898654452,17465,0.16998847069476075
ThorGate,Economy,-1.046026260560206,206317,-0.9812267467658805,29297,0.06479951379432547
ThorGate,Terraforming,-1.046026260560206,206317,-0.9950794005815253,53652,0.05094685997868065
ThorGate,Jovians,-1.046026260560206,206317,-1.1797462584517207,13163,-0.13371999789151467
ThorGate,Industry,-1.046026260560206,206317,-1.2299367146656883,43612,-0.18391045410548235
United Nations Mars Initiative,Biology,-1.4706646074915584,191015,-1.2740870829043784,16513,0.19657752458717992
United Nations Mars Initiative,Science,-1.4706646074915584,191015,-1.3614490897447626,32793,0.10921551774679572
United Nations Mars Initiative,Terraforming,-1.4706646074915584,191015,-1.392090277414973,57423,0.07857433007658532
United Nations Mars Initiative,Economy,-1.4706646074915584,191015,-1.4796352799262045,28186,-0.00897067243464611
United Nations Mars Initiative,Jovians,-1.4706646074915584,191015,-1.5382768492012189,10829,-0.06761224170966051
United Nations Mars Initiative,Industry,-1.4706646074915584,191015,-1.6663911845730028,32670,-0.19572657708144447
Unknown,Science,1.2074186222558667,22457,1.6997797895767066,4087,0.4923611673208399
Unknown,Biology,1.2074186222558667,22457,1.5236096537250787,1906,0.316191031469212
Unknown,Economy,1.2074186222558667,22457,1.2434654919236416,3405,0.03604686966777493
Unknown,Terraforming,1.2074186222558667,22457,1.2380631010629324,5927,0.030644478807065667
Unknown,Jovians,1.2074186222558667,22457,1.1875776397515527,1610,-0.019840982504313986
Unknown,Industry,1.2074186222558667,22457,0.7540399239543726,4208,-0.45337869830149413
Valley Trust,Science,0.8184961322425265,879838,1.1405941733053406,173855,0.32209804106281414
Valley Trust,Economy,0.8184961322425265,879838,0.8940126084034689,124996,0.07551647616094237
Valley Trust,Terraforming,0.8184961322425265,879838,0.8477110223790509,236918,0.029214890136524452
Valley Trust,Biology,0.8184961322425265,879838,0.8350876299812904,78569,0.016591497738763894
Valley Trust,Jovians,0.8184961322425265,879838,0.6187253624782175,59107,-0.19977076976430896
Valley Trust,Industry,0.8184961322425265,879838,0.5614381781725264,138147,-0.2570579540700001
Vitor,Science,0.8249714742597144,849233,1.1511333508491175,167468,0.3261618765894031
Vitor,Economy,0.8249714742597144,849233,0.8747329468957344,124039,0.04976147263602004
Vitor,Biology,0.8249714742597144,849233,0.846777575842304,85836,0.021806101582589554
Vitor,Terraforming,0.8249714742597144,849233,0.7675000670415032,223742,-0.0574714072182112
Vitor,Jovians,0.8249714742597144,849233,0.7606491504041616,64207,-0.06432232385555281
Vitor,Industry,0.8249714742597144,849233,0.6307333469568955,141911,-0.19423812730281886
