Card,N,WinRate,AvgEloGain
Kelp Farming,672,0.8630952380952381,2.4598214285714284
Birds,11,0.7272727272727273,2.0
Farming,542,0.8265682656826568,1.7195571955719557
Trees,517,0.7543520309477756,1.0889748549323017
Bushes,313,0.7571884984025559,0.23961661341853036
Lake Marineris,36,0.7222222222222222,-0.1111111111111111
Algae,232,0.6982758620689655,-0.16810344827586207
Heather,24,0.6666666666666666,-1.5833333333333333
Livestock,55,0.5818181818181818,-1.9272727272727272
Fish,31,0.5483870967741935,-2.967741935483871
