Generations,Group,PlayerGameCount,CardsPlayed,TotalCardsPlayed,PctPlayed,GroupSize
8,Biology,13764,18696.0,293583.0,6.37,22
8,Economy,13764,50422.0,293583.0,17.17,30
8,Industry,13764,51416.0,293583.0,17.51,51
8,Jovians,13764,17059.0,293583.0,5.81,16
8,Science,13764,61440.0,293583.0,20.93,32
8,Terraforming,13764,94550.0,293583.0,32.21,64
9,Biology,32847,67940.0,861948.0,7.88,22
9,Economy,32847,139198.0,861948.0,16.15,30
9,Industry,32847,149264.0,861948.0,17.32,51
9,Jovians,32847,52418.0,861948.0,6.08,16
9,Science,32847,175083.0,861948.0,20.31,32
9,Terraforming,32847,278045.0,861948.0,32.26,64
10,Biology,66690,197740.0,2142746.0,9.23,22
10,Economy,66690,332532.0,2142746.0,15.52,30
10,Industry,66690,375164.0,2142746.0,17.51,51
10,Jovians,66690,145508.0,2142746.0,6.79,16
10,Science,66690,426706.0,2142746.0,19.91,32
10,Terraforming,66690,665096.0,2142746.0,31.04,64
11,Biology,76930,297293.0,2959579.0,10.05,22
11,Economy,76930,454154.0,2959579.0,15.35,30
11,Industry,76930,532824.0,2959579.0,18.0,51
11,Jovians,76930,230056.0,2959579.0,7.77,16
11,Science,76930,586663.0,2959579.0,19.82,32
11,Terraforming,76930,858589.0,2959579.0,29.01,64
12,Biology,40486,190307.0,1802292.0,10.56,22
12,Economy,40486,276108.0,1802292.0,15.32,30
12,Industry,40486,332721.0,1802292.0,18.46,51
12,Jovians,40486,153151.0,1802292.0,8.5,16
12,Science,40486,355155.0,1802292.0,19.71,32
12,Terraforming,40486,494850.0,1802292.0,27.46,64
