Card;Group
Acquired Company;Economy
Adaptation Technology;Science
Adapted Lichen;Terraforming
Advanced Alloys;Science
Advanced Ecosystems;Biology
Aerobraked Ammonia Asteroid;Terraforming
AI Central;Science
Algae;Terraforming
Anti-Gravity Technology;Science
Ants;Biology
Aquifer Pumping;Terraforming
Archaebacteria;Terraforming
Arctic Algae;Terraforming
Artificial Lake;Terraforming
Artificial Photosynthesis;Science
Asteroid;Terraforming
Asteroid Mining;Jovians
Asteroid Mining Consortium;Jovians
Beam From a Thorium Asteroid;Jovians
Big Asteroid;Terraforming
Biomass Combustors;Industry
Birds;Biology
Black Polar Dust;Terraforming
Breathing Filters;Science
Bribed Committee;Economy
Building Industries;Economy
Bushes;Terraforming
Business Contacts;Science
Business Network;Science
Callisto Penal Mines;Jovians
Capital;Industry
Carbonate Processing;Terraforming
Caretaker Contract;Terraforming
Cartel;Economy
CEO's Favourite Project;Biology
Cloud Seeding;Terraforming
Colonizer Training Camp;Jovians
Comet;Terraforming
Commercial District;Industry
Convoy From Europa;Terraforming
Corporate Stronghold;Industry
Cupola City;Industry
Decomposers;Biology
Deep Well Heating;Industry
Deimos Down;Terraforming
Designed Microorganisms;Terraforming
Development Center;Science
Domed Crater;Industry
Dust Seals;Science
Earth Catapult;Science
Earth Office;Science
Ecological Zone;Biology
Electro Catapult;Industry
Energy Saving;Industry
Energy Tapping;Industry
Eos Chasma National Park;Biology
Equatorial Magnetizer;Industry
Extreme-Cold Fungus;Biology
Farming;Terraforming
Fish;Biology
Flooding;Terraforming
Food Factory;Economy
Fuel Factory;Economy
Fueled Generators;Industry
Fusion Power;Industry
Ganymede Colony;Jovians
Gene Repair;Science
Geothermal Power;Industry
GHG Factories;Terraforming
GHG Producing Bacteria;Terraforming
Giant Ice Asteroid;Terraforming
Giant Space Mirror;Industry
Grass;Terraforming
Great Dam;Industry
Great Escarpment Consortium;Economy
Greenhouses;Terraforming
Hackers;Economy
Heat Trappers;Industry
Heather;Terraforming
Herbivores;Biology
Hired Raiders;Economy
House Printing;Industry
Ice Asteroid;Terraforming
Ice cap Melting;Terraforming
Immigrant City;Industry
Immigration Shuttles;Economy
Import of Advanced GHG;Terraforming
Imported GHG;Terraforming
Imported Hydrogen;Terraforming
Imported Nitrogen;Biology
Indentured Workers;Economy
Industrial Center;Industry
Industrial Microbes;Industry
Insects;Terraforming
Insulation;Economy
Interstellar Colony Ship;Jovians
Invention Contest;Science
Inventors' Guild;Science
Investment Loan;Economy
Io Mining Industries;Jovians
Ironworks;Industry
Kelp Farming;Terraforming
Lagrange Observatory;Science
Lake Marineris;Terraforming
Land Claim;Terraforming
Large Convoy;Biology
Lava Flows;Terraforming
Lava Tube Settlement;Industry
Lichen;Terraforming
Lightning Harvest;Industry
Livestock;Biology
Local Heat Trapping;Terraforming
Lunar Beam;Terraforming
Magnetic Field Dome;Industry
Magnetic Field Generators;Industry
Mangrove;Terraforming
Mars University;Science
Martian Rails;Industry
Martian Survey;Science
Mass Converter;Science
Media Archives;Economy
Media Group;Economy
Medical Lab;Industry
Methane From Titan;Jovians
Micro-Mills;Terraforming
Mine;Economy
Mineral Deposit;Economy
Mining Area;Economy
Mining Expedition;Terraforming
Mining Rights;Economy
Miranda Resort;Economy
Mohole Area;Terraforming
Moss;Terraforming
Natural Preserve;Science
Nitrite Reducing Bacteria;Biology
Nitrogen-Rich Asteroid;Terraforming
Nitrophilic Moss;Terraforming
Noctis City;Industry
Noctis Farming;Terraforming
Nuclear Power;Industry
Nuclear Zone;Terraforming
Olympus Conference;Science
Open City;Industry
Optimal Aerobraking;Terraforming
Ore Processor;Industry
Permafrost extraction;Terraforming
Peroxide Power;Industry
Pets;Biology
Phobos Space Haven;Jovians
Physics Complex;Science
Plantation;Terraforming
Power Grid;Industry
Power Infrastructure;Industry
Power Plant;Economy
Power Supply Consortium;Industry
Predators;Biology
Protected Habitats;Biology
Protected Valley;Terraforming
Psychrophiles;Terraforming
Quantum Extractor;Science
Rad-Chem Factory;Industry
Rad-Suits;Economy
Regolith Eaters;Biology
Release of Inert Gases;Terraforming
Research;Science
Research Coordination;Science
Research Outpost;Science
Restricted Area;Science
Robotic Workforce;Science
Rover Construction;Industry
Sabotage;Economy
Satellites;Economy
Search For Life;Science
Security Fleet;Jovians
SF Memorial;Industry
Shuttles;Jovians
Small Animals;Biology
Soil Factory;Industry
Solar Power;Industry
Solar Wind Power;Science
Soletta;Terraforming
Space Elevator;Economy
Space Hotels;Economy
Space Mirrors;Industry
Space Station;Jovians
Special Design;Terraforming
Sponsors;Economy
Standard Technology;Terraforming
Steelworks;Industry
Strip Mine;Industry
Subterranean Reservoir;Terraforming
Symbiotic Fungus;Biology
Tardigrades;Biology
Technology Demonstration;Science
Tectonic Stress Power;Industry
Terraforming Ganymede;Jovians
Titanium Mine;Economy
Toll Station;Economy
Towing a Comet;Terraforming
Trans-Neptune Probe;Science
Trees;Terraforming
Tropical Resort;Industry
Tundra Farming;Terraforming
Underground City;Industry
Underground Detonations;Terraforming
Urbanized Area;Industry
Vesta Shipyard;Jovians
Viral Enhancers;Biology
Virus;Terraforming
Water Import From Europa;Jovians
Water Splitting Plant;Industry
Wave Power;Industry
Windmills;Industry
Worms;Terraforming
Zeppelins;Economy
