Card,Count,Pct
Immigration Shuttles,11613,4.755
Asteroid,11596,4.748
Mohole Area,11590,4.745
Martian Rails,11571,4.738
Lava Flows,11567,4.736
Mass Converter,11565,4.735
Aerobraked Ammonia Asteroid,11552,4.73
Invention Contest,11545,4.727
Strip Mine,11530,4.721
Eos Chasma National Park,11529,4.72
Magnetic Field Generators,11526,4.719
Water Splitting Plant,11525,4.719
Great Dam,11524,4.718
Noctis City,11521,4.717
Fueled Generators,11518,4.716
Solar Power,11515,4.715
Special Design,11508,4.712
Ice Asteroid,11507,4.711
Beam From a Thorium Asteroid,11505,4.711
Toll Station,11504,4.71
Acquired Company,11502,4.709
Hired Raiders,11501,4.709
Mining Expedition,11495,4.706
Restricted Area,11493,4.706
Giant Space Mirror,11491,4.705
Geothermal Power,11490,4.704
GHG Factories,11485,4.702
Building Industries,11484,4.702
Flooding,11483,4.702
Micro-Mills,11483,4.702
Tundra Farming,11481,4.701
Ecological Zone,11479,4.7
Insulation,11479,4.7
Mars University,11476,4.699
Energy Tapping,11476,4.699
Colonizer Training Camp,11474,4.698
Nuclear Zone,11472,4.697
Capital,11471,4.697
Bribed Committee,11471,4.697
Kelp Farming,11471,4.697
Underground City,11470,4.696
Shuttles,11470,4.696
Artificial Lake,11468,4.695
Lagrange Observatory,11467,4.695
Steelworks,11466,4.695
Ore Processor,11461,4.693
Protected Valley,11457,4.691
Deimos Down,11456,4.69
Ganymede Colony,11455,4.69
Livestock,11453,4.689
Space Mirrors,11452,4.689
Black Polar Dust,11448,4.687
Worms,11445,4.686
Soletta,11444,4.686
Bushes,11442,4.685
Deep Well Heating,11442,4.685
Caretaker Contract,11436,4.682
Immigrant City,11433,4.681
Hackers,11423,4.677
Breathing Filters,11422,4.677
Research,11421,4.676
Predators,11421,4.676
Open City,11421,4.676
Aquifer Pumping,11420,4.676
Search For Life,11415,4.674
Food Factory,11415,4.674
Birds,11413,4.673
Business Contacts,11412,4.672
Energy Saving,11409,4.671
Farming,11404,4.669
Imported Nitrogen,11403,4.669
Peroxide Power,11403,4.669
Commercial District,11402,4.668
Viral Enhancers,11400,4.668
Mining Rights,11398,4.667
Adaptation Technology,11396,4.666
Decomposers,11395,4.665
Insects,11393,4.665
Investment Loan,11393,4.665
Artificial Photosynthesis,11391,4.664
Fuel Factory,11391,4.664
Permafrost extraction,11390,4.663
Fusion Power,11386,4.662
Medical Lab,11385,4.661
Robotic Workforce,11385,4.661
Cloud Seeding,11383,4.661
Plantation,11383,4.661
Algae,11378,4.659
Heather,11375,4.657
Power Plant,11375,4.657
Soil Factory,11372,4.656
Large Convoy,11371,4.656
Terraforming Ganymede,11368,4.654
Media Group,11368,4.654
Trans-Neptune Probe,11367,4.654
Physics Complex,11367,4.654
Phobos Space Haven,11367,4.654
Local Heat Trapping,11367,4.654
Business Network,11364,4.653
Research Outpost,11363,4.652
Subterranean Reservoir,11362,4.652
Technology Demonstration,11361,4.652
Tardigrades,11360,4.651
Electro Catapult,11360,4.651
Imported GHG,11360,4.651
Virus,11359,4.651
Biomass Combustors,11356,4.65
Earth Office,11355,4.649
Comet,11355,4.649
Pets,11355,4.649
Power Supply Consortium,11354,4.649
Miranda Resort,11352,4.648
Callisto Penal Mines,11352,4.648
Big Asteroid,11351,4.647
Industrial Microbes,11351,4.647
Arctic Algae,11350,4.647
Ironworks,11350,4.647
Inventors' Guild,11348,4.646
Research Coordination,11348,4.646
Small Animals,11346,4.645
Convoy From Europa,11344,4.645
Sponsors,11342,4.644
Nitrite Reducing Bacteria,11341,4.643
Great Escarpment Consortium,11341,4.643
AI Central,11341,4.643
Underground Detonations,11341,4.643
Designed Microorganisms,11339,4.643
Lightning Harvest,11337,4.642
Lake Marineris,11336,4.641
Symbiotic Fungus,11335,4.641
Dust Seals,11330,4.639
Corporate Stronghold,11330,4.639
GHG Producing Bacteria,11328,4.638
Rad-Chem Factory,11328,4.638
Moss,11327,4.638
Rover Construction,11325,4.637
Extreme-Cold Fungus,11323,4.636
Water Import From Europa,11322,4.636
Towing a Comet,11321,4.635
Mine,11321,4.635
Earth Catapult,11319,4.634
Security Fleet,11318,4.634
Titanium Mine,11318,4.634
Adapted Lichen,11317,4.634
Io Mining Industries,11317,4.634
Carbonate Processing,11315,4.633
Fish,11313,4.632
Solar Wind Power,11310,4.631
Mangrove,11307,4.629
Noctis Farming,11305,4.629
Advanced Ecosystems,11303,4.628
Space Elevator,11301,4.627
Power Grid,11299,4.626
Lichen,11299,4.626
Windmills,11294,4.624
Indentured Workers,11292,4.623
Giant Ice Asteroid,11292,4.623
Natural Preserve,11290,4.623
Quantum Extractor,11289,4.622
Tectonic Stress Power,11285,4.62
Development Center,11285,4.62
Space Station,11285,4.62
Power Infrastructure,11284,4.62
Imported Hydrogen,11284,4.62
Olympus Conference,11283,4.62
Cartel,11281,4.619
Land Claim,11281,4.619
Media Archives,11281,4.619
Wave Power,11274,4.616
Lava Tube Settlement,11272,4.615
Anti-Gravity Technology,11270,4.614
Archaebacteria,11263,4.611
Protected Habitats,11261,4.611
Cupola City,11259,4.61
Asteroid Mining,11259,4.61
Vesta Shipyard,11254,4.608
Trees,11254,4.608
Mineral Deposit,11249,4.606
Gene Repair,11249,4.606
Mining Area,11248,4.605
Equatorial Magnetizer,11247,4.605
Greenhouses,11246,4.604
Regolith Eaters,11246,4.604
Advanced Alloys,11246,4.604
Release of Inert Gases,11244,4.604
Industrial Center,11244,4.604
Satellites,11243,4.603
Space Hotels,11238,4.601
Interstellar Colony Ship,11236,4.6
Import of Advanced GHG,11235,4.6
Standard Technology,11234,4.6
Nuclear Power,11228,4.597
Asteroid Mining Consortium,11225,4.596
Urbanized Area,11225,4.596
Martian Survey,11223,4.595
Methane From Titan,11216,4.592
Lunar Beam,11210,4.59
Nitrogen-Rich Asteroid,11208,4.589
Psychrophiles,11206,4.588
Herbivores,11198,4.585
Rad-Suits,11197,4.584
Optimal Aerobraking,11193,4.583
Nitrophilic Moss,11192,4.582
Grass,11192,4.582
Magnetic Field Dome,11192,4.582
Ice cap Melting,11188,4.581
House Printing,11182,4.578
Zeppelins,11176,4.576
Tropical Resort,11175,4.575
Ants,11174,4.575
SF Memorial,11165,4.571
CEO's Favourite Project,11165,4.571
Sabotage,11163,4.571
Domed Crater,11092,4.541
Heat Trappers,11062,4.529
